{
    "$schema": "https://schema.management.azure.com/schemas/2015-01-01/deploymentParameters.json#",
    "contentVersion": "1.0.0.0",
    "parameters": {
        "virtualMachines_az104_05_vm0_name": {
            "value": null
        },
        "virtualMachines_az104_05_vm1_name": {
            "value": null
        },
        "virtualMachines_az104_05_vm2_name": {
            "value": null
        },
        "virtualNetworks_az104_05_vnet0_name": {
            "value": null
        },
        "virtualNetworks_az104_05_vnet1_name": {
            "value": null
        },
        "virtualNetworks_az104_05_vnet2_name": {
            "value": null
        },
        "networkInterfaces_az104_05_nic0_name": {
            "value": null
        },
        "networkInterfaces_az104_05_nic1_name": {
            "value": null
        },
        "networkInterfaces_az104_05_nic2_name": {
            "value": null
        },
        "publicIPAddresses_az104_05_pip0_name": {
            "value": null
        },
        "publicIPAddresses_az104_05_pip1_name": {
            "value": null
        },
        "publicIPAddresses_az104_05_pip2_name": {
            "value": null
        },
        "networkSecurityGroups_az104_05_nsg0_name": {
            "value": null
        },
        "networkSecurityGroups_az104_05_nsg1_name": {
            "value": null
        },
        "networkSecurityGroups_az104_05_nsg2_name": {
            "value": null
        }
    }
}