{
    "$schema": "https://schema.management.azure.com/schemas/2019-04-01/deploymentTemplate.json#",
    "contentVersion": "1.0.0.0",
    "parameters": {
        "dnszones_vmexternal_org_name": {
            "defaultValue": "vmexternal.org",
            "type": "String"
        },
        "virtualMachines_az104_04_vm0_name": {
            "defaultValue": "az104-04-vm0",
            "type": "String"
        },
        "virtualMachines_az104_04_vm1_name": {
            "defaultValue": "az104-04-vm1",
            "type": "String"
        },
        "virtualNetworks_az104_04_vnet1_name": {
            "defaultValue": "az104-04-vnet1",
            "type": "String"
        },
        "networkInterfaces_az104_04_nic0_name": {
            "defaultValue": "az104-04-nic0",
            "type": "String"
        },
        "networkInterfaces_az104_04_nic1_name": {
            "defaultValue": "az104-04-nic1",
            "type": "String"
        },
        "publicIPAddresses_az_104_04_ip0_name": {
            "defaultValue": "az-104-04-ip0",
            "type": "String"
        },
        "publicIPAddresses_az_104_04_ip1_name": {
            "defaultValue": "az-104-04-ip1",
            "type": "String"
        },
        "privateDnsZones_vminternaldns_org_name": {
            "defaultValue": "vminternaldns.org",
            "type": "String"
        },
        "networkSecurityGroups_az104_04_nsg01_name": {
            "defaultValue": "az104-04-nsg01",
            "type": "String"
        }
    },
    "variables": {},
    "resources": [
        {
            "type": "Microsoft.Network/dnszones",
            "apiVersion": "2018-05-01",
            "name": "[parameters('dnszones_vmexternal_org_name')]",
            "location": "global",
            "properties": {
                "zoneType": "Public"
            }
        },
        {
            "type": "Microsoft.Network/privateDnsZones",
            "apiVersion": "2018-09-01",
            "name": "[parameters('privateDnsZones_vminternaldns_org_name')]",
            "location": "global",
            "properties": {
                "maxNumberOfRecordSets": 25000,
                "maxNumberOfVirtualNetworkLinks": 1000,
                "maxNumberOfVirtualNetworkLinksWithRegistration": 100,
                "numberOfRecordSets": 3,
                "numberOfVirtualNetworkLinks": 1,
                "numberOfVirtualNetworkLinksWithRegistration": 1,
                "provisioningState": "Succeeded"
            }
        },
        {
            "type": "Microsoft.Network/publicIPAddresses",
            "apiVersion": "2022-09-01",
            "name": "[parameters('publicIPAddresses_az_104_04_ip0_name')]",
            "location": "eastus",
            "sku": {
                "name": "Basic",
                "tier": "Regional"
            },
            "properties": {
                "ipAddress": "172.190.42.128",
                "publicIPAddressVersion": "IPv4",
                "publicIPAllocationMethod": "Dynamic",
                "idleTimeoutInMinutes": 4,
                "ipTags": []
            }
        },
        {
            "type": "Microsoft.Network/publicIPAddresses",
            "apiVersion": "2022-09-01",
            "name": "[parameters('publicIPAddresses_az_104_04_ip1_name')]",
            "location": "eastus",
            "sku": {
                "name": "Basic",
                "tier": "Regional"
            },
            "properties": {
                "ipAddress": "172.190.43.246",
                "publicIPAddressVersion": "IPv4",
                "publicIPAllocationMethod": "Dynamic",
                "idleTimeoutInMinutes": 4,
                "ipTags": []
            }
        },
        {
            "type": "Microsoft.Compute/virtualMachines",
            "apiVersion": "2022-11-01",
            "name": "[parameters('virtualMachines_az104_04_vm0_name')]",
            "location": "eastus",
            "dependsOn": [
                "[resourceId('Microsoft.Network/networkInterfaces', parameters('networkInterfaces_az104_04_nic0_name'))]"
            ],
            "properties": {
                "hardwareProfile": {
                    "vmSize": "Standard_D2s_v3"
                },
                "storageProfile": {
                    "imageReference": {
                        "publisher": "MicrosoftWindowsServer",
                        "offer": "WindowsServer",
                        "sku": "2019-Datacenter",
                        "version": "latest"
                    },
                    "osDisk": {
                        "osType": "Windows",
                        "name": "[concat(parameters('virtualMachines_az104_04_vm0_name'), '_disk1_14f60506336c4fec9ce3866e17034603')]",
                        "createOption": "FromImage",
                        "caching": "ReadWrite",
                        "managedDisk": {
                            "storageAccountType": "Premium_LRS",
                            "id": "[resourceId('Microsoft.Compute/disks', concat(parameters('virtualMachines_az104_04_vm0_name'), '_disk1_14f60506336c4fec9ce3866e17034603'))]"
                        },
                        "deleteOption": "Detach",
                        "diskSizeGB": 127
                    },
                    "dataDisks": []
                },
                "osProfile": {
                    "computerName": "[parameters('virtualMachines_az104_04_vm0_name')]",
                    "adminUsername": "Student",
                    "windowsConfiguration": {
                        "provisionVMAgent": true,
                        "enableAutomaticUpdates": true,
                        "patchSettings": {
                            "patchMode": "AutomaticByOS",
                            "assessmentMode": "ImageDefault"
                        },
                        "enableVMAgentPlatformUpdates": false
                    },
                    "secrets": [],
                    "allowExtensionOperations": true
                },
                "networkProfile": {
                    "networkInterfaces": [
                        {
                            "id": "[resourceId('Microsoft.Network/networkInterfaces', parameters('networkInterfaces_az104_04_nic0_name'))]",
                            "properties": {
                                "primary": true
                            }
                        }
                    ]
                }
            }
        },
        {
            "type": "Microsoft.Compute/virtualMachines",
            "apiVersion": "2022-11-01",
            "name": "[parameters('virtualMachines_az104_04_vm1_name')]",
            "location": "eastus",
            "dependsOn": [
                "[resourceId('Microsoft.Network/networkInterfaces', parameters('networkInterfaces_az104_04_nic1_name'))]"
            ],
            "properties": {
                "hardwareProfile": {
                    "vmSize": "Standard_D2s_v3"
                },
                "storageProfile": {
                    "imageReference": {
                        "publisher": "MicrosoftWindowsServer",
                        "offer": "WindowsServer",
                        "sku": "2019-Datacenter",
                        "version": "latest"
                    },
                    "osDisk": {
                        "osType": "Windows",
                        "name": "[concat(parameters('virtualMachines_az104_04_vm1_name'), '_disk1_f1ef052016d842998e9b128784290f3d')]",
                        "createOption": "FromImage",
                        "caching": "ReadWrite",
                        "managedDisk": {
                            "storageAccountType": "Premium_LRS",
                            "id": "[resourceId('Microsoft.Compute/disks', concat(parameters('virtualMachines_az104_04_vm1_name'), '_disk1_f1ef052016d842998e9b128784290f3d'))]"
                        },
                        "deleteOption": "Detach",
                        "diskSizeGB": 127
                    },
                    "dataDisks": []
                },
                "osProfile": {
                    "computerName": "[parameters('virtualMachines_az104_04_vm1_name')]",
                    "adminUsername": "Student",
                    "windowsConfiguration": {
                        "provisionVMAgent": true,
                        "enableAutomaticUpdates": true,
                        "patchSettings": {
                            "patchMode": "AutomaticByOS",
                            "assessmentMode": "ImageDefault"
                        },
                        "enableVMAgentPlatformUpdates": false
                    },
                    "secrets": [],
                    "allowExtensionOperations": true
                },
                "networkProfile": {
                    "networkInterfaces": [
                        {
                            "id": "[resourceId('Microsoft.Network/networkInterfaces', parameters('networkInterfaces_az104_04_nic1_name'))]",
                            "properties": {
                                "primary": true
                            }
                        }
                    ]
                }
            }
        },
        {
            "type": "Microsoft.Compute/virtualMachines/extensions",
            "apiVersion": "2022-11-01",
            "name": "[concat(parameters('virtualMachines_az104_04_vm0_name'), '/enablevmaccess')]",
            "location": "eastus",
            "dependsOn": [
                "[resourceId('Microsoft.Compute/virtualMachines', parameters('virtualMachines_az104_04_vm0_name'))]"
            ],
            "properties": {
                "autoUpgradeMinorVersion": true,
                "publisher": "Microsoft.Compute",
                "type": "VMAccessAgent",
                "typeHandlerVersion": "2.0",
                "settings": {
                    "UserName": "Student"
                },
                "protectedSettings": {}
            }
        },
        {
            "type": "Microsoft.Network/dnszones/A",
            "apiVersion": "2018-05-01",
            "name": "[concat(parameters('dnszones_vmexternal_org_name'), '/az104-04-vm0')]",
            "dependsOn": [
                "[resourceId('Microsoft.Network/dnszones', parameters('dnszones_vmexternal_org_name'))]"
            ],
            "properties": {
                "TTL": 3600,
                "ARecords": [
                    {
                        "ipv4Address": "172.190.42.128"
                    }
                ],
                "targetResource": {}
            }
        },
        {
            "type": "Microsoft.Network/dnszones/A",
            "apiVersion": "2018-05-01",
            "name": "[concat(parameters('dnszones_vmexternal_org_name'), '/az104-04-vm1')]",
            "dependsOn": [
                "[resourceId('Microsoft.Network/dnszones', parameters('dnszones_vmexternal_org_name'))]"
            ],
            "properties": {
                "TTL": 3600,
                "ARecords": [
                    {
                        "ipv4Address": "172.190.43.246"
                    }
                ],
                "targetResource": {}
            }
        },
        {
            "type": "Microsoft.Network/dnszones/NS",
            "apiVersion": "2018-05-01",
            "name": "[concat(parameters('dnszones_vmexternal_org_name'), '/@')]",
            "dependsOn": [
                "[resourceId('Microsoft.Network/dnszones', parameters('dnszones_vmexternal_org_name'))]"
            ],
            "properties": {
                "TTL": 172800,
                "NSRecords": [
                    {
                        "nsdname": "ns1-37.azure-dns.com."
                    },
                    {
                        "nsdname": "ns2-37.azure-dns.net."
                    },
                    {
                        "nsdname": "ns3-37.azure-dns.org."
                    },
                    {
                        "nsdname": "ns4-37.azure-dns.info."
                    }
                ],
                "targetResource": {}
            }
        },
        {
            "type": "Microsoft.Network/dnszones/SOA",
            "apiVersion": "2018-05-01",
            "name": "[concat(parameters('dnszones_vmexternal_org_name'), '/@')]",
            "dependsOn": [
                "[resourceId('Microsoft.Network/dnszones', parameters('dnszones_vmexternal_org_name'))]"
            ],
            "properties": {
                "TTL": 3600,
                "SOARecord": {
                    "email": "azuredns-hostmaster.microsoft.com",
                    "expireTime": 2419200,
                    "host": "ns1-37.azure-dns.com.",
                    "minimumTTL": 300,
                    "refreshTime": 3600,
                    "retryTime": 300,
                    "serialNumber": 1
                },
                "targetResource": {}
            }
        },
        {
            "type": "Microsoft.Network/networkSecurityGroups",
            "apiVersion": "2022-09-01",
            "name": "[parameters('networkSecurityGroups_az104_04_nsg01_name')]",
            "location": "eastus",
            "dependsOn": [
                "[resourceId('Microsoft.Network/networkSecurityGroups/securityRules', parameters('networkSecurityGroups_az104_04_nsg01_name'), 'AllowRDPInbound')]"
            ],
            "properties": {
                "securityRules": [
                    {
                        "name": "AllowRDPInbound",
                        "id": "[resourceId('Microsoft.Network/networkSecurityGroups/securityRules', parameters('networkSecurityGroups_az104_04_nsg01_name'), 'AllowRDPInbound')]",
                        "type": "Microsoft.Network/networkSecurityGroups/securityRules",
                        "properties": {
                            "description": "Allow RDP inbound of the VMs.",
                            "protocol": "TCP",
                            "sourcePortRange": "*",
                            "destinationPortRange": "3389",
                            "sourceAddressPrefix": "*",
                            "destinationAddressPrefix": "*",
                            "access": "Allow",
                            "priority": 300,
                            "direction": "Inbound",
                            "sourcePortRanges": [],
                            "destinationPortRanges": [],
                            "sourceAddressPrefixes": [],
                            "destinationAddressPrefixes": []
                        }
                    }
                ]
            }
        },
        {
            "type": "Microsoft.Network/networkSecurityGroups/securityRules",
            "apiVersion": "2022-09-01",
            "name": "[concat(parameters('networkSecurityGroups_az104_04_nsg01_name'), '/AllowRDPInbound')]",
            "dependsOn": [
                "[resourceId('Microsoft.Network/networkSecurityGroups', parameters('networkSecurityGroups_az104_04_nsg01_name'))]"
            ],
            "properties": {
                "description": "Allow RDP inbound of the VMs.",
                "protocol": "TCP",
                "sourcePortRange": "*",
                "destinationPortRange": "3389",
                "sourceAddressPrefix": "*",
                "destinationAddressPrefix": "*",
                "access": "Allow",
                "priority": 300,
                "direction": "Inbound",
                "sourcePortRanges": [],
                "destinationPortRanges": [],
                "sourceAddressPrefixes": [],
                "destinationAddressPrefixes": []
            }
        },
        {
            "type": "Microsoft.Network/privateDnsZones/A",
            "apiVersion": "2018-09-01",
            "name": "[concat(parameters('privateDnsZones_vminternaldns_org_name'), '/az104-04-vm0')]",
            "dependsOn": [
                "[resourceId('Microsoft.Network/privateDnsZones', parameters('privateDnsZones_vminternaldns_org_name'))]"
            ],
            "properties": {
                "ttl": 10,
                "aRecords": [
                    {
                        "ipv4Address": "10.40.0.4"
                    }
                ]
            }
        },
        {
            "type": "Microsoft.Network/privateDnsZones/A",
            "apiVersion": "2018-09-01",
            "name": "[concat(parameters('privateDnsZones_vminternaldns_org_name'), '/az104-04-vm1')]",
            "dependsOn": [
                "[resourceId('Microsoft.Network/privateDnsZones', parameters('privateDnsZones_vminternaldns_org_name'))]"
            ],
            "properties": {
                "ttl": 10,
                "aRecords": [
                    {
                        "ipv4Address": "10.40.1.4"
                    }
                ]
            }
        },
        {
            "type": "Microsoft.Network/privateDnsZones/SOA",
            "apiVersion": "2018-09-01",
            "name": "[concat(parameters('privateDnsZones_vminternaldns_org_name'), '/@')]",
            "dependsOn": [
                "[resourceId('Microsoft.Network/privateDnsZones', parameters('privateDnsZones_vminternaldns_org_name'))]"
            ],
            "properties": {
                "ttl": 3600,
                "soaRecord": {
                    "email": "azureprivatedns-host.microsoft.com",
                    "expireTime": 2419200,
                    "host": "azureprivatedns.net",
                    "minimumTtl": 10,
                    "refreshTime": 3600,
                    "retryTime": 300,
                    "serialNumber": 1
                }
            }
        },
        {
            "type": "Microsoft.Network/virtualNetworks/subnets",
            "apiVersion": "2022-09-01",
            "name": "[concat(parameters('virtualNetworks_az104_04_vnet1_name'), '/subnet0')]",
            "dependsOn": [
                "[resourceId('Microsoft.Network/virtualNetworks', parameters('virtualNetworks_az104_04_vnet1_name'))]"
            ],
            "properties": {
                "addressPrefix": "10.40.0.0/24",
                "delegations": [],
                "privateEndpointNetworkPolicies": "Disabled",
                "privateLinkServiceNetworkPolicies": "Enabled"
            }
        },
        {
            "type": "Microsoft.Network/virtualNetworks/subnets",
            "apiVersion": "2022-09-01",
            "name": "[concat(parameters('virtualNetworks_az104_04_vnet1_name'), '/subnet1')]",
            "dependsOn": [
                "[resourceId('Microsoft.Network/virtualNetworks', parameters('virtualNetworks_az104_04_vnet1_name'))]"
            ],
            "properties": {
                "addressPrefix": "10.40.1.0/24",
                "delegations": [],
                "privateEndpointNetworkPolicies": "Disabled",
                "privateLinkServiceNetworkPolicies": "Enabled"
            }
        },
        {
            "type": "Microsoft.Network/privateDnsZones/virtualNetworkLinks",
            "apiVersion": "2018-09-01",
            "name": "[concat(parameters('privateDnsZones_vminternaldns_org_name'), '/az104-04-vnet1-link')]",
            "location": "global",
            "dependsOn": [
                "[resourceId('Microsoft.Network/privateDnsZones', parameters('privateDnsZones_vminternaldns_org_name'))]",
                "[resourceId('Microsoft.Network/virtualNetworks', parameters('virtualNetworks_az104_04_vnet1_name'))]"
            ],
            "properties": {
                "registrationEnabled": true,
                "virtualNetwork": {
                    "id": "[resourceId('Microsoft.Network/virtualNetworks', parameters('virtualNetworks_az104_04_vnet1_name'))]"
                }
            }
        },
        {
            "type": "Microsoft.Network/virtualNetworks",
            "apiVersion": "2022-09-01",
            "name": "[parameters('virtualNetworks_az104_04_vnet1_name')]",
            "location": "eastus",
            "dependsOn": [
                "[resourceId('Microsoft.Network/virtualNetworks/subnets', parameters('virtualNetworks_az104_04_vnet1_name'), 'subnet0')]",
                "[resourceId('Microsoft.Network/virtualNetworks/subnets', parameters('virtualNetworks_az104_04_vnet1_name'), 'subnet1')]"
            ],
            "properties": {
                "addressSpace": {
                    "addressPrefixes": [
                        "10.40.0.0/22"
                    ]
                },
                "subnets": [
                    {
                        "name": "subnet0",
                        "id": "[resourceId('Microsoft.Network/virtualNetworks/subnets', parameters('virtualNetworks_az104_04_vnet1_name'), 'subnet0')]",
                        "properties": {
                            "addressPrefix": "10.40.0.0/24",
                            "delegations": [],
                            "privateEndpointNetworkPolicies": "Disabled",
                            "privateLinkServiceNetworkPolicies": "Enabled"
                        },
                        "type": "Microsoft.Network/virtualNetworks/subnets"
                    },
                    {
                        "name": "subnet1",
                        "id": "[resourceId('Microsoft.Network/virtualNetworks/subnets', parameters('virtualNetworks_az104_04_vnet1_name'), 'subnet1')]",
                        "properties": {
                            "addressPrefix": "10.40.1.0/24",
                            "delegations": [],
                            "privateEndpointNetworkPolicies": "Disabled",
                            "privateLinkServiceNetworkPolicies": "Enabled"
                        },
                        "type": "Microsoft.Network/virtualNetworks/subnets"
                    }
                ],
                "virtualNetworkPeerings": [],
                "enableDdosProtection": false
            }
        },
        {
            "type": "Microsoft.Network/networkInterfaces",
            "apiVersion": "2022-09-01",
            "name": "[parameters('networkInterfaces_az104_04_nic0_name')]",
            "location": "eastus",
            "dependsOn": [
                "[resourceId('Microsoft.Network/publicIPAddresses', parameters('publicIPAddresses_az_104_04_ip0_name'))]",
                "[resourceId('Microsoft.Network/virtualNetworks/subnets', parameters('virtualNetworks_az104_04_vnet1_name'), 'subnet0')]",
                "[resourceId('Microsoft.Network/networkSecurityGroups', parameters('networkSecurityGroups_az104_04_nsg01_name'))]"
            ],
            "kind": "Regular",
            "properties": {
                "ipConfigurations": [
                    {
                        "name": "ipconfig1",
                        "id": "[concat(resourceId('Microsoft.Network/networkInterfaces', parameters('networkInterfaces_az104_04_nic0_name')), '/ipConfigurations/ipconfig1')]",
                        "etag": "W/\"b413c1df-fd3d-4638-8421-8b8e4551e060\"",
                        "type": "Microsoft.Network/networkInterfaces/ipConfigurations",
                        "properties": {
                            "provisioningState": "Succeeded",
                            "privateIPAddress": "10.40.0.4",
                            "privateIPAllocationMethod": "Static",
                            "publicIPAddress": {
                                "id": "[resourceId('Microsoft.Network/publicIPAddresses', parameters('publicIPAddresses_az_104_04_ip0_name'))]"
                            },
                            "subnet": {
                                "id": "[resourceId('Microsoft.Network/virtualNetworks/subnets', parameters('virtualNetworks_az104_04_vnet1_name'), 'subnet0')]"
                            },
                            "primary": true,
                            "privateIPAddressVersion": "IPv4"
                        }
                    }
                ],
                "dnsSettings": {
                    "dnsServers": []
                },
                "enableAcceleratedNetworking": false,
                "enableIPForwarding": false,
                "disableTcpStateTracking": false,
                "networkSecurityGroup": {
                    "id": "[resourceId('Microsoft.Network/networkSecurityGroups', parameters('networkSecurityGroups_az104_04_nsg01_name'))]"
                },
                "nicType": "Standard"
            }
        },
        {
            "type": "Microsoft.Network/networkInterfaces",
            "apiVersion": "2022-09-01",
            "name": "[parameters('networkInterfaces_az104_04_nic1_name')]",
            "location": "eastus",
            "dependsOn": [
                "[resourceId('Microsoft.Network/publicIPAddresses', parameters('publicIPAddresses_az_104_04_ip1_name'))]",
                "[resourceId('Microsoft.Network/virtualNetworks/subnets', parameters('virtualNetworks_az104_04_vnet1_name'), 'subnet1')]",
                "[resourceId('Microsoft.Network/networkSecurityGroups', parameters('networkSecurityGroups_az104_04_nsg01_name'))]"
            ],
            "kind": "Regular",
            "properties": {
                "ipConfigurations": [
                    {
                        "name": "ipconfig1",
                        "id": "[concat(resourceId('Microsoft.Network/networkInterfaces', parameters('networkInterfaces_az104_04_nic1_name')), '/ipConfigurations/ipconfig1')]",
                        "etag": "W/\"e9b2260f-ad90-4550-895a-ca5a445ddaa2\"",
                        "type": "Microsoft.Network/networkInterfaces/ipConfigurations",
                        "properties": {
                            "provisioningState": "Succeeded",
                            "privateIPAddress": "10.40.1.4",
                            "privateIPAllocationMethod": "Static",
                            "publicIPAddress": {
                                "id": "[resourceId('Microsoft.Network/publicIPAddresses', parameters('publicIPAddresses_az_104_04_ip1_name'))]"
                            },
                            "subnet": {
                                "id": "[resourceId('Microsoft.Network/virtualNetworks/subnets', parameters('virtualNetworks_az104_04_vnet1_name'), 'subnet1')]"
                            },
                            "primary": true,
                            "privateIPAddressVersion": "IPv4"
                        }
                    }
                ],
                "dnsSettings": {
                    "dnsServers": []
                },
                "enableAcceleratedNetworking": false,
                "enableIPForwarding": false,
                "disableTcpStateTracking": false,
                "networkSecurityGroup": {
                    "id": "[resourceId('Microsoft.Network/networkSecurityGroups', parameters('networkSecurityGroups_az104_04_nsg01_name'))]"
                },
                "nicType": "Standard"
            }
        }
    ]
}