{
    "$schema": "https://schema.management.azure.com/schemas/2019-04-01/deploymentTemplate.json#",
    "contentVersion": "1.0.0.0",
    "parameters": {
        "sites_arsenalfootballclub_name": {
            "defaultValue": "arsenalfootballclub",
            "type": "String"
        },
        "serverfarms_ASP_az10409arg1_b779_name": {
            "defaultValue": "ASP-az10409arg1-b779",
            "type": "String"
        },
        "autoscalesettings_ASP_az10409arg1_b779_Autoscale_528_name": {
            "defaultValue": "ASP-az10409arg1-b779-Autoscale-528",
            "type": "String"
        }
    },
    "variables": {},
    "resources": [
        {
            "type": "Microsoft.Web/serverfarms",
            "apiVersion": "2022-09-01",
            "name": "[parameters('serverfarms_ASP_az10409arg1_b779_name')]",
            "location": "East US",
            "sku": {
                "name": "S1",
                "tier": "Standard",
                "size": "S1",
                "family": "S",
                "capacity": 2
            },
            "kind": "linux",
            "properties": {
                "perSiteScaling": false,
                "elasticScaleEnabled": false,
                "maximumElasticWorkerCount": 2,
                "isSpot": false,
                "reserved": true,
                "isXenon": false,
                "hyperV": false,
                "targetWorkerCount": 0,
                "targetWorkerSizeId": 0,
                "zoneRedundant": false
            }
        },
        {
            "type": "microsoft.insights/autoscalesettings",
            "apiVersion": "2022-10-01",
            "name": "[parameters('autoscalesettings_ASP_az10409arg1_b779_Autoscale_528_name')]",
            "location": "East US",
            "dependsOn": [
                "[resourceId('Microsoft.Web/serverfarms', parameters('serverfarms_ASP_az10409arg1_b779_name'))]"
            ],
            "properties": {
                "profiles": [
                    {
                        "name": "Auto created default scale condition",
                        "capacity": {
                            "minimum": "1",
                            "maximum": "2",
                            "default": "1"
                        },
                        "rules": [
                            {
                                "metricTrigger": {
                                    "metricName": "CpuPercentage",
                                    "metricNamespace": "microsoft.web/serverfarms",
                                    "metricResourceUri": "[resourceId('Microsoft.Web/serverfarms', parameters('serverfarms_ASP_az10409arg1_b779_name'))]",
                                    "timeGrain": "PT1M",
                                    "statistic": "Max",
                                    "timeWindow": "PT1M",
                                    "timeAggregation": "Maximum",
                                    "operator": "GreaterThan",
                                    "threshold": 10,
                                    "dimensions": [],
                                    "dividePerInstance": false
                                },
                                "scaleAction": {
                                    "direction": "Increase",
                                    "type": "ChangeCount",
                                    "value": "1",
                                    "cooldown": "PT5M"
                                }
                            }
                        ]
                    }
                ],
                "enabled": true,
                "name": "[parameters('autoscalesettings_ASP_az10409arg1_b779_Autoscale_528_name')]",
                "targetResourceUri": "[resourceId('Microsoft.Web/serverfarms', parameters('serverfarms_ASP_az10409arg1_b779_name'))]",
                "notifications": [],
                "predictiveAutoscalePolicy": {
                    "scaleMode": "Disabled"
                }
            }
        },
        {
            "type": "Microsoft.Web/sites",
            "apiVersion": "2022-09-01",
            "name": "[parameters('sites_arsenalfootballclub_name')]",
            "location": "East US",
            "dependsOn": [
                "[resourceId('Microsoft.Web/serverfarms', parameters('serverfarms_ASP_az10409arg1_b779_name'))]"
            ],
            "kind": "app,linux",
            "properties": {
                "enabled": true,
                "hostNameSslStates": [
                    {
                        "name": "[concat(parameters('sites_arsenalfootballclub_name'), '.azurewebsites.net')]",
                        "sslState": "Disabled",
                        "hostType": "Standard"
                    },
                    {
                        "name": "[concat(parameters('sites_arsenalfootballclub_name'), '.scm.azurewebsites.net')]",
                        "sslState": "Disabled",
                        "hostType": "Repository"
                    }
                ],
                "serverFarmId": "[resourceId('Microsoft.Web/serverfarms', parameters('serverfarms_ASP_az10409arg1_b779_name'))]",
                "reserved": true,
                "isXenon": false,
                "hyperV": false,
                "vnetRouteAllEnabled": false,
                "vnetImagePullEnabled": false,
                "vnetContentShareEnabled": false,
                "siteConfig": {
                    "numberOfWorkers": 1,
                    "linuxFxVersion": "PHP|8.0",
                    "acrUseManagedIdentityCreds": false,
                    "alwaysOn": true,
                    "http20Enabled": false,
                    "functionAppScaleLimit": 0,
                    "minimumElasticInstanceCount": 0
                },
                "scmSiteAlsoStopped": false,
                "clientAffinityEnabled": false,
                "clientCertEnabled": false,
                "clientCertMode": "Required",
                "hostNamesDisabled": false,
                "customDomainVerificationId": "F1E242501F9FB2EF5D71CA10D39A274D2FCA814B5D3BCDE4F7720F5EA42BBFFE",
                "containerSize": 0,
                "dailyMemoryTimeQuota": 0,
                "httpsOnly": true,
                "redundancyMode": "None",
                "publicNetworkAccess": "Enabled",
                "storageAccountRequired": false,
                "keyVaultReferenceIdentity": "SystemAssigned"
            }
        },
        {
            "type": "Microsoft.Web/sites/basicPublishingCredentialsPolicies",
            "apiVersion": "2022-09-01",
            "name": "[concat(parameters('sites_arsenalfootballclub_name'), '/ftp')]",
            "location": "East US",
            "dependsOn": [
                "[resourceId('Microsoft.Web/sites', parameters('sites_arsenalfootballclub_name'))]"
            ],
            "properties": {
                "allow": true
            }
        },
        {
            "type": "Microsoft.Web/sites/basicPublishingCredentialsPolicies",
            "apiVersion": "2022-09-01",
            "name": "[concat(parameters('sites_arsenalfootballclub_name'), '/scm')]",
            "location": "East US",
            "dependsOn": [
                "[resourceId('Microsoft.Web/sites', parameters('sites_arsenalfootballclub_name'))]"
            ],
            "properties": {
                "allow": true
            }
        },
        {
            "type": "Microsoft.Web/sites/config",
            "apiVersion": "2022-09-01",
            "name": "[concat(parameters('sites_arsenalfootballclub_name'), '/web')]",
            "location": "East US",
            "dependsOn": [
                "[resourceId('Microsoft.Web/sites', parameters('sites_arsenalfootballclub_name'))]"
            ],
            "properties": {
                "numberOfWorkers": 1,
                "defaultDocuments": [
                    "Default.htm",
                    "Default.html",
                    "Default.asp",
                    "index.htm",
                    "index.html",
                    "iisstart.htm",
                    "default.aspx",
                    "index.php",
                    "hostingstart.html"
                ],
                "netFrameworkVersion": "v4.0",
                "linuxFxVersion": "PHP|8.0",
                "requestTracingEnabled": false,
                "remoteDebuggingEnabled": false,
                "httpLoggingEnabled": false,
                "acrUseManagedIdentityCreds": false,
                "logsDirectorySizeLimit": 35,
                "detailedErrorLoggingEnabled": false,
                "publishingUsername": "$arsenalfootballclub",
                "scmType": "None",
                "use32BitWorkerProcess": true,
                "webSocketsEnabled": false,
                "alwaysOn": true,
                "managedPipelineMode": "Integrated",
                "virtualApplications": [
                    {
                        "virtualPath": "/",
                        "physicalPath": "site\\wwwroot",
                        "preloadEnabled": true
                    }
                ],
                "loadBalancing": "LeastRequests",
                "experiments": {
                    "rampUpRules": []
                },
                "autoHealEnabled": false,
                "vnetRouteAllEnabled": false,
                "vnetPrivatePortsCount": 0,
                "publicNetworkAccess": "Enabled",
                "localMySqlEnabled": false,
                "ipSecurityRestrictions": [
                    {
                        "ipAddress": "Any",
                        "action": "Allow",
                        "priority": 2147483647,
                        "name": "Allow all",
                        "description": "Allow all access"
                    }
                ],
                "scmIpSecurityRestrictions": [
                    {
                        "ipAddress": "Any",
                        "action": "Allow",
                        "priority": 2147483647,
                        "name": "Allow all",
                        "description": "Allow all access"
                    }
                ],
                "scmIpSecurityRestrictionsUseMain": false,
                "http20Enabled": false,
                "minTlsVersion": "1.2",
                "scmMinTlsVersion": "1.2",
                "ftpsState": "FtpsOnly",
                "preWarmedInstanceCount": 0,
                "elasticWebAppScaleLimit": 0,
                "functionsRuntimeScaleMonitoringEnabled": false,
                "minimumElasticInstanceCount": 0,
                "azureStorageAccounts": {}
            }
        },
        {
            "type": "Microsoft.Web/sites/deployments",
            "apiVersion": "2022-09-01",
            "name": "[concat(parameters('sites_arsenalfootballclub_name'), '/df425ea6ef61f981c71537ec89d1d821a2de975c')]",
            "location": "East US",
            "dependsOn": [
                "[resourceId('Microsoft.Web/sites', parameters('sites_arsenalfootballclub_name'))]"
            ],
            "properties": {
                "status": 4,
                "author_email": "33675759+docs-product@users.noreply.github.com",
                "author": "docs",
                "deployer": "harshitmamgain",
                "message": "Update README.md",
                "start_time": "2023-05-02T01:51:22.9326014Z",
                "end_time": "2023-05-02T01:51:38.9767449Z",
                "active": true
            }
        },
        {
            "type": "Microsoft.Web/sites/hostNameBindings",
            "apiVersion": "2022-09-01",
            "name": "[concat(parameters('sites_arsenalfootballclub_name'), '/', parameters('sites_arsenalfootballclub_name'), '.azurewebsites.net')]",
            "location": "East US",
            "dependsOn": [
                "[resourceId('Microsoft.Web/sites', parameters('sites_arsenalfootballclub_name'))]"
            ],
            "properties": {
                "siteName": "arsenalfootballclub",
                "hostNameType": "Verified"
            }
        },
        {
            "type": "Microsoft.Web/sites/snapshots",
            "apiVersion": "2015-08-01",
            "name": "[concat(parameters('sites_arsenalfootballclub_name'), '/2023-05-02T01_44_01_0621507')]",
            "dependsOn": [
                "[resourceId('Microsoft.Web/sites', parameters('sites_arsenalfootballclub_name'))]"
            ]
        },
        {
            "type": "Microsoft.Web/sites/snapshots",
            "apiVersion": "2015-08-01",
            "name": "[concat(parameters('sites_arsenalfootballclub_name'), '/2023-05-02T02_44_01_1500859')]",
            "dependsOn": [
                "[resourceId('Microsoft.Web/sites', parameters('sites_arsenalfootballclub_name'))]"
            ]
        },
        {
            "type": "Microsoft.Web/sites/slots",
            "apiVersion": "2022-09-01",
            "name": "[concat(parameters('sites_arsenalfootballclub_name'), '/staging')]",
            "location": "East US",
            "dependsOn": [
                "[resourceId('Microsoft.Web/sites', parameters('sites_arsenalfootballclub_name'))]",
                "[resourceId('Microsoft.Web/serverfarms', parameters('serverfarms_ASP_az10409arg1_b779_name'))]"
            ],
            "kind": "app,linux",
            "properties": {
                "enabled": true,
                "hostNameSslStates": [
                    {
                        "name": "arsenalfootballclub-staging.azurewebsites.net",
                        "sslState": "Disabled",
                        "hostType": "Standard"
                    },
                    {
                        "name": "arsenalfootballclub-staging.scm.azurewebsites.net",
                        "sslState": "Disabled",
                        "hostType": "Repository"
                    }
                ],
                "serverFarmId": "[resourceId('Microsoft.Web/serverfarms', parameters('serverfarms_ASP_az10409arg1_b779_name'))]",
                "reserved": true,
                "isXenon": false,
                "hyperV": false,
                "vnetRouteAllEnabled": false,
                "vnetImagePullEnabled": false,
                "vnetContentShareEnabled": false,
                "siteConfig": {
                    "numberOfWorkers": 1,
                    "linuxFxVersion": "PHP|8.0",
                    "acrUseManagedIdentityCreds": false,
                    "alwaysOn": false,
                    "http20Enabled": false,
                    "functionAppScaleLimit": 0,
                    "minimumElasticInstanceCount": 0
                },
                "scmSiteAlsoStopped": false,
                "clientAffinityEnabled": false,
                "clientCertEnabled": false,
                "clientCertMode": "Required",
                "hostNamesDisabled": false,
                "customDomainVerificationId": "F1E242501F9FB2EF5D71CA10D39A274D2FCA814B5D3BCDE4F7720F5EA42BBFFE",
                "containerSize": 0,
                "dailyMemoryTimeQuota": 0,
                "httpsOnly": false,
                "redundancyMode": "None",
                "storageAccountRequired": false,
                "keyVaultReferenceIdentity": "SystemAssigned"
            }
        },
        {
            "type": "Microsoft.Web/sites/slots/basicPublishingCredentialsPolicies",
            "apiVersion": "2022-09-01",
            "name": "[concat(parameters('sites_arsenalfootballclub_name'), '/staging/ftp')]",
            "location": "East US",
            "dependsOn": [
                "[resourceId('Microsoft.Web/sites/slots', parameters('sites_arsenalfootballclub_name'), 'staging')]",
                "[resourceId('Microsoft.Web/sites', parameters('sites_arsenalfootballclub_name'))]"
            ],
            "properties": {
                "allow": true
            }
        },
        {
            "type": "Microsoft.Web/sites/slots/basicPublishingCredentialsPolicies",
            "apiVersion": "2022-09-01",
            "name": "[concat(parameters('sites_arsenalfootballclub_name'), '/staging/scm')]",
            "location": "East US",
            "dependsOn": [
                "[resourceId('Microsoft.Web/sites/slots', parameters('sites_arsenalfootballclub_name'), 'staging')]",
                "[resourceId('Microsoft.Web/sites', parameters('sites_arsenalfootballclub_name'))]"
            ],
            "properties": {
                "allow": true
            }
        },
        {
            "type": "Microsoft.Web/sites/slots/config",
            "apiVersion": "2022-09-01",
            "name": "[concat(parameters('sites_arsenalfootballclub_name'), '/staging/web')]",
            "location": "East US",
            "dependsOn": [
                "[resourceId('Microsoft.Web/sites/slots', parameters('sites_arsenalfootballclub_name'), 'staging')]",
                "[resourceId('Microsoft.Web/sites', parameters('sites_arsenalfootballclub_name'))]"
            ],
            "properties": {
                "numberOfWorkers": 1,
                "defaultDocuments": [
                    "Default.htm",
                    "Default.html",
                    "Default.asp",
                    "index.htm",
                    "index.html",
                    "iisstart.htm",
                    "default.aspx",
                    "index.php",
                    "hostingstart.html"
                ],
                "netFrameworkVersion": "v4.0",
                "linuxFxVersion": "PHP|8.0",
                "requestTracingEnabled": false,
                "remoteDebuggingEnabled": false,
                "httpLoggingEnabled": false,
                "acrUseManagedIdentityCreds": false,
                "logsDirectorySizeLimit": 35,
                "detailedErrorLoggingEnabled": false,
                "publishingUsername": "$arsenalfootballclub__staging",
                "scmType": "LocalGit",
                "use32BitWorkerProcess": true,
                "webSocketsEnabled": false,
                "alwaysOn": false,
                "managedPipelineMode": "Integrated",
                "virtualApplications": [
                    {
                        "virtualPath": "/",
                        "physicalPath": "site\\wwwroot",
                        "preloadEnabled": false
                    }
                ],
                "loadBalancing": "LeastRequests",
                "experiments": {
                    "rampUpRules": []
                },
                "autoHealEnabled": false,
                "vnetRouteAllEnabled": false,
                "vnetPrivatePortsCount": 0,
                "localMySqlEnabled": false,
                "ipSecurityRestrictions": [
                    {
                        "ipAddress": "Any",
                        "action": "Allow",
                        "priority": 2147483647,
                        "name": "Allow all",
                        "description": "Allow all access"
                    }
                ],
                "scmIpSecurityRestrictions": [
                    {
                        "ipAddress": "Any",
                        "action": "Allow",
                        "priority": 2147483647,
                        "name": "Allow all",
                        "description": "Allow all access"
                    }
                ],
                "scmIpSecurityRestrictionsUseMain": false,
                "http20Enabled": false,
                "minTlsVersion": "1.2",
                "scmMinTlsVersion": "1.2",
                "ftpsState": "FtpsOnly",
                "preWarmedInstanceCount": 0,
                "elasticWebAppScaleLimit": 0,
                "functionsRuntimeScaleMonitoringEnabled": false,
                "minimumElasticInstanceCount": 0,
                "azureStorageAccounts": {}
            }
        },
        {
            "type": "Microsoft.Web/sites/slots/hostNameBindings",
            "apiVersion": "2022-09-01",
            "name": "[concat(parameters('sites_arsenalfootballclub_name'), '/staging/', parameters('sites_arsenalfootballclub_name'), '-staging.azurewebsites.net')]",
            "location": "East US",
            "dependsOn": [
                "[resourceId('Microsoft.Web/sites/slots', parameters('sites_arsenalfootballclub_name'), 'staging')]",
                "[resourceId('Microsoft.Web/sites', parameters('sites_arsenalfootballclub_name'))]"
            ],
            "properties": {
                "siteName": "arsenalfootballclub(staging)",
                "hostNameType": "Verified"
            }
        },
        {
            "type": "Microsoft.Web/sites/slots/snapshots",
            "apiVersion": "2015-08-01",
            "name": "[concat(parameters('sites_arsenalfootballclub_name'), '/staging/2023-05-02T01_44_01_0621507')]",
            "dependsOn": [
                "[resourceId('Microsoft.Web/sites/slots', parameters('sites_arsenalfootballclub_name'), 'staging')]",
                "[resourceId('Microsoft.Web/sites', parameters('sites_arsenalfootballclub_name'))]"
            ]
        },
        {
            "type": "Microsoft.Web/sites/slots/snapshots",
            "apiVersion": "2015-08-01",
            "name": "[concat(parameters('sites_arsenalfootballclub_name'), '/staging/2023-05-02T02_44_01_1500859')]",
            "dependsOn": [
                "[resourceId('Microsoft.Web/sites/slots', parameters('sites_arsenalfootballclub_name'), 'staging')]",
                "[resourceId('Microsoft.Web/sites', parameters('sites_arsenalfootballclub_name'))]"
            ]
        }
    ]
}